[
    {
      "key": 1,
      "name": "Maorera",
      "spouse": [],
      "children": [2, 3]
    },
    {
      "key": 2,
      "name": "Mudovairi",
      "spouse": [],
      "children": [4]
    },
    {
      "key": 3,
      "name": "Chirau",
      "spouse": [],
      "children": [5, 6, 7, 8, 9]
    },
    {
      "key": 4,
      "name": "PLACE HOLDER",
      "spouse": [],
      "children": []
    },
    {
      "key": 5,
      "name": "Jani Shayehama",
      "spouse": [],
      "children": []
    },
    {
      "key": 6,
      "name": "Jonasi Shayamunda",
      "spouse": [],
      "children": []
    },
    {
      "key": 7,
      "name": "Manungo",
      "spouse": [],
      "children": []
    },
    {
      "key": 8,
      "name": "Chuma",
      "spouse": [],
      "children": []
    },
    {
      "key": 9,
      "name": "Chikwanha Munemo",
      "spouse": [],
      "children": []
    }
  ]